sampling rate, #flows, detected_cases_web, #flows, detected_cases_hadoop, #flows, detected_cases_cache,,,,,,,,,,,,,,,,,,,,,
,400,0,,0,,0,,,,,,,,,,,,,,,,,,,,,
,600,1,,0,,1,,,,,,,,,,,,,,,,,,,,,
,800,1,,2,,3,,,,,,,,,,,,,,,,,,,,,
,1000,3,,4,,4,,,,,,,,,,,,,,,,,,,,,
,1200,4,,4,,4,,,,,,,,,,,,,,,,,,,,,
,,,,,,,,,,,,,,,,,,,,,,,,,,,
20.715,,,,,,,,,,,,,,,,,,,,,,,,,,,
1,949972,('**** A,flow_num, time',949972, 86216.0),,1,,,1108021,('**** C,flow_num, time',1108021, 86588.0),,1,,993901,('**** C,flow_num, time',993901, 74574.0),,1
2,1899944,('**** A,flow_num, time',1779425, 86216.0),,0.9365670778,,,2216042,('**** C,flow_num, time',2247621, 86588.0),,1.0142501812,,1987802,('**** C,flow_num, time',1975665, 76971.0),,0.9938942611
3,2849916,('**** A,flow_num, time',2551686, 86216.0),,0.8953548105,,,3324063,('**** C,flow_num, time',3350325, 86588.0),,1.0079005723,,2981703,('**** C,flow_num, time',2946314, 76971.0),,0.9881312793
4,3799888,('**** A,flow_num, time',3285398, 86509.0),,0.8646039041,,,4432084,('**** C,flow_num, time',4472417, 86588.0),,1.0091002337,,3975604,('**** C,flow_num, time',3904431, 81713.0),,0.982097563
5,4749860,('**** A,flow_num, time',3998071, 86509.0),,0.8417239666,,,5540105,('**** C,flow_num, time',5605970, 86599.0),,1.0118887638,,4969505,('**** C,flow_num, time',4851763, 81713.0),,0.976307097
6,5699832,('**** A,flow_num, time',4689802, 86616.0),,0.8227965315,,,6648126,('**** C,flow_num, time',6719316, 86624.0),,1.0107082808,,5963406,('**** C,flow_num, time',5786902, 85758.0),,0.9704021494
7,6649804,('**** A,flow_num, time',5365791, 86746.0),,0.8069096473,,,7756147,('**** C,flow_num, time',7810336, 86624.0),,1.0069865875,,6957307,('**** C,flow_num, time',6711880, 86164.0),,0.9647238508
8,7599776,('**** A,flow_num, time',6032240, 86746.0),,0.7937391839,,,8864168,('**** C,flow_num, time',8916031, 86624.0),,1.0058508593,,7951208,('**** C,flow_num, time',7626542, 86164.0),,0.9591677139
9,8549748,('**** A,flow_num, time',6675155, 86795.0),,0.7807428944,,,9972189,,,,,,,,,8945109,('**** C,flow_num, time',8530565, 86164.0),,0.953656909
10,9499720,('**** A,flow_num, time',7314400, 86795.0),,0.7699595356,,,11080210,,,,,,,,,9939010,('**** C,flow_num, time',9424434, 86164.0),,0.9482266342
11,10449692,('**** A,flow_num, time',7947714, 86795.0),,0.760569211,,,12188231,,,,,,,,,10932911,('**** C,flow_num, time',10308240, 86407.0),,0.9428632502
12,11399664,('**** A,flow_num, time',8575810, 86795.0),,0.7522862077,,,13296252,,,,,,,,,11926812,('**** C,flow_num, time',11182651, 86407.0),,0.9376060426
13,12349636,('**** A,flow_num, time',9206186, 86795.0),,0.7454621335,,,14404273,,,,,,,,,12920713,('**** C,flow_num, time',12048478, 86507.0),,0.9324932765
14,13299608,('**** A,flow_num, time',9821250, 86795.0),,0.7384616148,,,15512294,,,,,,,,,13914614,('**** C,flow_num, time',12902880, 86507.0),,0.9272898264
15,14249580,('**** A,flow_num, time',10430313, 86859.0),,0.7319733634,,,16620315,,,,,,,,,14908515,,,,,,,0.9210604365
16,15199552,('**** A,flow_num, time',11039485, 86859.0),,0.7263033147,,,,,,,,,,,,15902416,,,,,,,0.9154644656
17,16149524,('**** A,flow_num, time',11644788, 86859.0),,0.721060757,,,,,,,,,,,,16896317,,,,,,,0.9098684947
18,17099496,('**** A,flow_num, time',12249963, 86859.0),,0.71639322,,,,,,,,,,,,,,,,,,,0.9042725238
19,18049468,('**** A,flow_num, time',12849224, 86859.0),,0.7118893477,,,,,,,,,,,,,,,,,,,0.8986765529
20,18999440,('**** A,flow_num, time',13457765, 86859.0),,0.708324298,,,0.0069264869,319385.703783161,,,,,,,,0.0069358549,417696.583564452,,,,,,0.893080582
21,19949412,('**** A,flow_num, time',14052040, 86864.0),,0.704383668,,,,,,,,,,,,,,,,,,,0.8874846111
22,20899384,('**** A,flow_num, time',14652830, 86864.0),,0.7011130089,,,,,,,,,,,,,,,,,,,0.8818886402
23,21849356,('**** A,flow_num, time',15244539, 86864.0),,0.6977111362,,,0.0017263802,4756037.38188682,0.4179168161,,,,,,,,,,,,,,0.8762926693
24,22799328,('**** A,flow_num, time',15831971, 86864.0),,0.6944051597,,,25583,1987628,,,,,,,,,,,,,,,0.8706966984
25,23749300,('**** A,flow_num, time',16426466, 86887.0),,0.6916610595,,,,,,,,,,,,,,,,,,,0.8651007275
26,24699272,('**** A,flow_num, time',17013854, 86887.0),,0.6888403027,,,,,,,,,,,,,,,,,,,0.8595047566
27,25649244,('**** A,flow_num, time',17590164, 86887.0),,0.6857965872,,,,,,,,,,,,,,,,,,,0.8539087857
28,26599216,('**** A,flow_num, time',18183489, 86887.0),,0.6836099605,,,,,,,,,,,,,,,,,,,0.8483128148
29,27549188,('**** A,flow_num, time',18771270, 86887.0),,0.6813728956,,,,,,,,,,,,,,,,,,,0.8427168439
30,28499160,('**** A,flow_num, time',19355720, 86887.0),,0.6791680878,,,,,,,,,,,,,,,,,,,0.837120873
31,29449132,('**** A,flow_num, time',19936994, 86887.0),,0.6769976786,,,,,,,,,,,,,,,,,,,0.8315249021
32,30399104,('**** A,flow_num, time',20502911, 86887.0),,0.6744577406,,,,,,,,,,,,,,,,,,,0.8259289312
33,31349076,('**** A,flow_num, time',21081608, 86887.0),,0.6724794058,,,,,,,,,,,,,,,,,,,0.8203329603
34,32299048,('**** A,flow_num, time',21657968, 86887.0),,0.6705450885,,,,,,,,,,,,,,,,,,,0.8147369894
35,33249020,('**** A,flow_num, time',22229111, 86887.0),,0.6685643968,,,,,,,,,,,,,,,,,,,0.8091410185
36,34198992,('**** A,flow_num, time',22812908, 86887.0),,0.6670637544,,,,,,,,,,,,,,,,,,,0.8035450476
37,35148964,('**** A,flow_num, time',23385208, 86887.0),,0.6653171342,,,,,,,,,,,,,,,,,,,0.7979490767
38,36098936,('**** A,flow_num, time',23960289, 86887.0),,0.6637394797,,,,,,,,,,,,,,,,,,,0.7923531058
39,37048908,('**** A,flow_num, time',24544746, 86887.0),,0.6624958015,,,,,,,,,,,,,,,,,,,0.7867571349
40,37998880,('**** A,flow_num, time',25121089, 86887.0),,0.6611007745,,,,,,,,,,,,,,,,,,,0.781161164
41,38948852,('**** A,flow_num, time',25700870, 86887.0),,0.6598620673,,,,,,,,,,,,,,,,,,,0.7755651931
42,39898824,('**** A,flow_num, time',26281664, 86887.0),,0.6587077353,,,,,,,,,,,,,,,,,,,0.7699692222
43,40848796,('**** A,flow_num, time',26855868, 86887.0),,0.6574457666,,,,,,,,,,,,,,,,,,,0.7643732513
44,41798768,('**** A,flow_num, time',27426641, 86887.0),,0.6561590763,,,,,,,,,,,,,,,,,,,0.7587772804
45,42748740,('**** A,flow_num, time',28004768, 86887.0),,0.6551016007,,,,,,,,,,,,,,,,,,,0.7531813095
46,43698712,('**** A,flow_num, time',28582137, 86887.0),,0.6540727562,,,,,,,,,,,,,,,,,,,0.7475853386
47,44648684,('**** A,flow_num, time',29158477, 86887.0),,0.6530646458,,,,,,,,,,,,,,,,,,,0.7419893677
48,45598656,('**** A,flow_num, time',29737699, 86887.0),,0.6521617435,,,,,,,,,,,,,,,,,,,0.7363933968
49,,,,,,,,,,,,,,,,,,,,,,,,,,,0.7307974259
50,,,,,,,,,,,,,,,,,,,,,,,,,,,0.725201455
51,,,,,,,,,,,,,,,,,,,,,,,,,,,0.7196054841
52,,,,,,,,,,,,,,,,,,,,,,,,,,,0.7140095132
53,,,,,,,,,,,,,,,,,,,,,,,,,,,0.7084135422
54,,,,,,,,,,,,,,,,,,,,,,,,,,,0.7028175713
55,,,,,,,,,,,,,,,,,,,,,,,,,,,0.6972216004
56,,,,,,,,,,,,,,,,,,,,,,,,,,,0.6916256295
57,,,,,,,,,,,,,,,,,,,,,,,,,,,0.6860296586
58,,,,,,,,,,,,,,,,,,,,,,,,,,,0.6804336877
59,,,,,,,,,,,,,,,,,,,,,,,,,,,0.6748377168
60,,,,,,,,,,,,,,,,,,,,,,,,,,,0.6692417459
61,,,,,,,,,,,,,,,,,,,,,,,,,,,0.663645775
62,,,,,,,,,,,,,,,,,,,,,,,,,,,0.6580498041
63,,,,,,,,,,,,,,,,,,,,,,,,,,,0.6524538332
64,,,,,,,,,,,,,,,,,,,,,,,,,,,0.6468578623
65,,,,,,,,,,,,,,,,,,,,,,,,,,,0.6412618914
66,,,,,,,,,,,,,,,,,,,,,,,,,,,0.6356659205
67,,,,,,,,,,,,,,,,,,,,,,,,,,,0.6300699496
68,,,,,,,,,,,,,,,,,,,,,,,,,,,0.6244739787
69,,,,,,,,,,,,,,,,,,,,,,,,,,,0.6188780078
70,,,,,,,,,,,,,,,,,,,,,,,,,,,0.6132820369
71,,,,,,,,,,,,,,,,,,,,,,,,,,,0.607686066
72,,,,,,,,,,,,,,,,,,,,,,,,,,,0.6020900951
73,,,,,,,,,,,,,,,,,,,,,,,,,,,0.5964941242
74,,,,,,,,,,,,,,,,,,,,,,,,,,,0.5908981533
75,,,,,,,,,,,,,,,,,,,,,,,,,,,0.5853021824
76,,,,,,,,,,,,,,,,,,,,,,,,,,,0.5797062115
77,,,,,,,,,,,,,,,,,,,,,,,,,,,0.5741102406
78,,,,,,,,,,,,,,,,,,,,,,,,,,,0.5685142697
79,,,,,,,,,,,,,,,,,,,,,,,,,,,0.5629182988
80,,,,,,,,,,,,,,,,,,,,,,,,,,,0.5573223279
81,,,,,,,,,,,,,,,,,,,,,,,,,,,0.551726357
82,,,,,,,,,,,,,,,,,,,,,,,,,,,0.5461303861
83,,,,,,,,,,,,,,,,,,,,,,,,,,,0.5405344152
84,,,,,,,,,,,,,,,,,,,,,,,,,,,0.5349384443
85,,,,,,,,,,,,,,,,,,,,,,,,,,,0.5293424734
86,,,,,,,,,,,,,,,,,,,,,,,,,,,0.5237465025
87,,,,,,,,,,,,,,,,,,,,,,,,,,,0.5181505316
88,,,,,,,,,,,,,,,,,,,,,,,,,,,0.5125545607
89,,,,,,,,,,,,,,,,,,,,,,,,,,,0.5069585898
90,,,,,,,,,,,,,,,,,,,,,,,,,,,0.5013626189
91,,,,,,,,,,,,,,,,,,,,,,,,,,,0.495766648
92,,,,,,,,,,,,,,,,,,,,,,,,,,,0.4901706771
93,,,,,,,,,,,,,,,,,,,,,,,,,,,0.4845747062
94,,,,,,,,,,,,,,,,,,,,,,,,,,,0.4789787353
95,,,,,,,,,,,,,,,,,,,,,,,,,,,0.4733827644
96,,,,,,,,,,,,,,,,,,,,,,,,,,,0.4677867935
97,,,,,,,,,,,,,,,,,,,,,,,,,,,0.4621908226
98,,,,,,,,,,,,,,,,,,,,,,,,,,,0.4565948517
99,,,,,,,,,,,,,,,,,,,,,,,,,,,0.4509988808
100,,,,,,,,,,,,,,,,,,,,,,,,,,,0.4454029099
101,,,,,,,,,,,,,,,,,,,,,,,,,,,0.439806939
102,,,,,,,,,,,,,,,,,,,,,,,,,,,0.4342109681
103,,,,,,,,,,,,,,,,,,,,,,,,,,,0.4286149972
104,,,,,,,,,,,,,,,,,,,,,,,,,,,0.4230190263
105,,,,,,,,,,,,,,,,,,,,,,,,,,,0.4174230554
106,,,,,,,,,,,,,,,,,,,,,,,,,,,0.4118270845
107,,,,,,,,,,,,,,,,,,,,,,,,,,,0.4062311136
108,,,,,,,,,,,,,,,,,,,,,,,,,,,0.4006351427
109,,,,,,,,,,,,,,,,,,,,,,,,,,,0.3950391718
110,,,,,,,,,,,,,,,,,,,,,,,,,,,0.3894432009
111,,,,,,,,,,,,,,,,,,,,,,,,,,,0.38384723
112,,,,,,,,,,,,,,,,,,,,,,,,,,,0.3782512591
113,,,,,,,,,,,,,,,,,,,,,,,,,,,0.3726552882
114,,,,,,,,,,,,,,,,,,,,,,,,,,,0.3670593173
115,,,,,,,,,,,,,,,,,,,,,,,,,,,0.3614633464
116,,,,,,,,,,,,,,,,,,,,,,,,,,,0.3558673755
117,,,,,,,,,,,,,,,,,,,,,,,,,,,0.3502714046
118,,,,,,,,,,,,,,,,,,,,,,,,,,,0.3446754337
119,,,,,,,,,,,,,,,,,,,,,,,,,,,0.3390794628
120,,,,,,,,,,,,,,,,,,,,,,,,,,,0.3334834919
121,,,,,,,,,,,,,,,,,,,,,,,,,,,0.327887521
122,,,,,,,,,,,,,,,,,,,,,,,,,,,0.3222915501
123,,,,,,,,,,,,,,,,,,,,,,,,,,,0.3166955792
124,,,,,,,,,,,,,,,,,,,,,,,,,,,0.3110996083
125,,,,,,,,,,,,,,,,,,,,,,,,,,,0.3055036374
126,,,,,,,,,,,,,,,,,,,,,,,,,,,0.2999076665
127,,,,,,,,,,,,,,,,,,,,,,,,,,,0.2943116956
128,,,,,,,,,,,,,,,,,,,,,,,,,,,0.2887157247
129,,,,,,,,,,,,,,,,,,,,,,,,,,,0.2831197538
130,,,,,,,,,,,,,,,,,,,,,,,,,,,0.2775237829
131,,,,,,,,,,,,,,,,,,,,,,,,,,,0.271927812
132,,,,,,,,,,,,,,,,,,,,,,,,,,,0.2663318411
133,,,,,,,,,,,,,,,,,,,,,,,,,,,
134,,,,,,,,,,,,,,,,,,,,,,,,,,,
135,,,,,,,,,,,,,,,,,,,,,,,,,,,
136,,,,,,,,,,,,,,,,,,,,,,,,,,,
137,,,,,,,,,,,,,,,,,,,,,,,,,,,
138,,,,,,,,,,,,,,,,,,,,,,,,,,,
139,,,,,,,,,,,,,,,,,,,,,,,,,,,
140,,,,,,,,,,,,,,,,,,,,,,,,,,,
141,,,,,,,,,,,,,,,,,,,,,,,,,,,
142,,,,,,,,,,,,,,,,,,,,,,,,,,,
143,,,,,,,,,,,,,,,,,,,,,,,,,,,
144,,,,,,,,,,,,,,,,,,,,,,,,,,,
145,,,,,,,,,,,,,,,,,,,,,,,,,,,
146,,,,,,,,,,,,,,,,,,,,,,,,,,,
147,,,,,,,,,,,,,,,,,,,,,,,,,,,
148,,,,,,,,,,,,,,,,,,,,,,,,,,,
149,,,,,,,,,,,,,,,,,,,,,,,,,,,
150,,,,,,,,,,,,,,,,,,,,,,,,,,,
151,,,,,,,,,,,,,,,,,,,,,,,,,,,
152,,,,,,,,,,,,,,,,,,,,,,,,,,,
153,,,,,,,,,,,,,,,,,,,,,,,,,,,
154,,,,,,,,,,,,,,,,,,,,,,,,,,,
155,,,,,,,,,,,,,,,,,,,,,,,,,,,
156,,,,,,,,,,,,,,,,,,,,,,,,,,,
157,,,,,,,,,,,,,,,,,,,,,,,,,,,
158,,,,,,,,,,,,,,,,,,,,,,,,,,,
159,,,,,,,,,,,,,,,,,,,,,,,,,,,
160,,,,,,,,,,,,,,,,,,,,,,,,,,,
161,,,,,,,,,,,,,,,,,,,,,,,,,,,
162,,,,,,,,,,,,,,,,,,,,,,,,,,,
163,,,,,,,,,,,,,,,,,,,,,,,,,,,
164,,,,,,,,,,,,,,,,,,,,,,,,,,,
165,,,,,,,,,,,,,,,,,,,,,,,,,,,
166,,,,,,,,,,,,,,,,,,,,,,,,,,,
167,,,,,,,,,,,,,,,,,,,,,,,,,,,
168,,,,,,,,,,,,,,,,,,,,,,,,,,,
169,,,,,,,,,,,,,,,,,,,,,,,,,,,
170,,,,,,,,,,,,,,,,,,,,,,,,,,,
171,,,,,,,,,,,,,,,,,,,,,,,,,,,
172,,,,,,,,,,,,,,,,,,,,,,,,,,,
173,,,,,,,,,,,,,,,,,,,,,,,,,,,
174,,,,,,,,,,,,,,,,,,,,,,,,,,,
175,,,,,,,,,,,,,,,,,,,,,,,,,,,
176,,,,,,,,,,,,,,,,,,,,,,,,,,,
177,,,,,,,,,,,,,,,,,,,,,,,,,,,
178,,,,,,,,,,,,,,,,,,,,,,,,,,,
179,,,,,,,,,,,,,,,,,,,,,,,,,,,
180,,,,,,,,,,,,,,,,,,,,,,,,,,,
181,,,,,,,,,,,,,,,,,,,,,,,,,,,
182,,,,,,,,,,,,,,,,,,,,,,,,,,,
183,,,,,,,,,,,,,,,,,,,,,,,,,,,
184,,,,,,,,,,,,,,,,,,,,,,,,,,,
185,,,,,,,,,,,,,,,,,,,,,,,,,,,
186,,,,,,,,,,,,,,,,,,,,,,,,,,,
187,,,,,,,,,,,,,,,,,,,,,,,,,,,
188,,,,,,,,,,,,,,,,,,,,,,,,,,,
189,,,,,,,,,,,,,,,,,,,,,,,,,,,
190,,,,,,,,,,,,,,,,,,,,,,,,,,,
191,,,,,,,,,,,,,,,,,,,,,,,,,,,
192,,,,,,,,,,,,,,,,,,,,,,,,,,,
193,,,,,,,,,,,,,,,,,,,,,,,,,,,
194,,,,,,,,,,,,,,,,,,,,,,,,,,,
195,,,,,,,,,,,,,,,,,,,,,,,,,,,
196,,,,,,,,,,,,,,,,,,,,,,,,,,,
197,,,,,,,,,,,,,,,,,,,,,,,,,,,
198,,,,,,,,,,,,,,,,,,,,,,,,,,,
199,,,,,,,,,,,,,,,,,,,,,,,,,,,
200,,,,,,,,,,,,,,,,,,,,,,,,,,,
201,,,,,,,,,,,,,,,,,,,,,,,,,,,
202,,,,,,,,,,,,,,,,,,,,,,,,,,,
203,,,,,,,,,,,,,,,,,,,,,,,,,,,
204,,,,,,,,,,,,,,,,,,,,,,,,,,,
205,,,,,,,,,,,,,,,,,,,,,,,,,,,
206,,,,,,,,,,,,,,,,,,,,,,,,,,,
207,,,,,,,,,,,,,,,,,,,,,,,,,,,
208,,,,,,,,,,,,,,,,,,,,,,,,,,,
209,,,,,,,,,,,,,,,,,,,,,,,,,,,
210,,,,,,,,,,,,,,,,,,,,,,,,,,,
211,,,,,,,,,,,,,,,,,,,,,,,,,,,
212,,,,,,,,,,,,,,,,,,,,,,,,,,,
213,,,,,,,,,,,,,,,,,,,,,,,,,,,
214,,,,,,,,,,,,,,,,,,,,,,,,,,,
215,,,,,,,,,,,,,,,,,,,,,,,,,,,
216,,,,,,,,,,,,,,,,,,,,,,,,,,,
217,,,,,,,,,,,,,,,,,,,,,,,,,,,
218,,,,,,,,,,,,,,,,,,,,,,,,,,,
219,,,,,,,,,,,,,,,,,,,,,,,,,,,
220,,,,,,,,,,,,,,,,,,,,,,,,,,,
221,,,,,,,,,,,,,,,,,,,,,,,,,,,
222,,,,,,,,,,,,,,,,,,,,,,,,,,,
223,,,,,,,,,,,,,,,,,,,,,,,,,,,
224,,,,,,,,,,,,,,,,,,,,,,,,,,,
225,,,,,,,,,,,,,,,,,,,,,,,,,,,
226,,,,,,,,,,,,,,,,,,,,,,,,,,,
227,,,,,,,,,,,,,,,,,,,,,,,,,,,
228,,,,,,,,,,,,,,,,,,,,,,,,,,,
229,,,,,,,,,,,,,,,,,,,,,,,,,,,
230,,,,,,,,,,,,,,,,,,,,,,,,,,,
231,,,,,,,,,,,,,,,,,,,,,,,,,,,
232,,,,,,,,,,,,,,,,,,,,,,,,,,,
233,,,,,,,,,,,,,,,,,,,,,,,,,,,
234,,,,,,,,,,,,,,,,,,,,,,,,,,,
235,,,,,,,,,,,,,,,,,,,,,,,,,,,
236,,,,,,,,,,,,,,,,,,,,,,,,,,,
237,,,,,,,,,,,,,,,,,,,,,,,,,,,
238,,,,,,,,,,,,,,,,,,,,,,,,,,,
239,,,,,,,,,,,,,,,,,,,,,,,,,,,
240,,,,,,,,,,,,,,,,,,,,,,,,,,,
241,,,,,,,,,,,,,,,,,,,,,,,,,,,
242,,,,,,,,,,,,,,,,,,,,,,,,,,,
243,,,,,,,,,,,,,,,,,,,,,,,,,,,
244,,,,,,,,,,,,,,,,,,,,,,,,,,,
245,,,,,,,,,,,,,,,,,,,,,,,,,,,
246,,,,,,,,,,,,,,,,,,,,,,,,,,,
247,,,,,,,,,,,,,,,,,,,,,,,,,,,
248,,,,,,,,,,,,,,,,,,,,,,,,,,,
249,,,,,,,,,,,,,,,,,,,,,,,,,,,
250,,,,,,,,,,,,,,,,,,,,,,,,,,,
251,,,,,,,,,,,,,,,,,,,,,,,,,,,
252,,,,,,,,,,,,,,,,,,,,,,,,,,,
253,,,,,,,,,,,,,,,,,,,,,,,,,,,
254,,,,,,,,,,,,,,,,,,,,,,,,,,,
255,,,,,,,,,,,,,,,,,,,,,,,,,,,
256,,,,,,,,,,,,,,,,,,,,,,,,,,,
257,,,,,,,,,,,,,,,,,,,,,,,,,,,
258,,,,,,,,,,,,,,,,,,,,,,,,,,,
259,,,,,,,,,,,,,,,,,,,,,,,,,,,
260,,,,,,,,,,,,,,,,,,,,,,,,,,,
261,,,,,,,,,,,,,,,,,,,,,,,,,,,
262,,,,,,,,,,,,,,,,,,,,,,,,,,,
263,,,,,,,,,,,,,,,,,,,,,,,,,,,
264,,,,,,,,,,,,,,,,,,,,,,,,,,,
265,,,,,,,,,,,,,,,,,,,,,,,,,,,
266,,,,,,,,,,,,,,,,,,,,,,,,,,,
267,,,,,,,,,,,,,,,,,,,,,,,,,,,
268,,,,,,,,,,,,,,,,,,,,,,,,,,,
269,,,,,,,,,,,,,,,,,,,,,,,,,,,
270,,,,,,,,,,,,,,,,,,,,,,,,,,,
271,,,,,,,,,,,,,,,,,,,,,,,,,,,
272,,,,,,,,,,,,,,,,,,,,,,,,,,,
273,,,,,,,,,,,,,,,,,,,,,,,,,,,
274,,,,,,,,,,,,,,,,,,,,,,,,,,,
275,,,,,,,,,,,,,,,,,,,,,,,,,,,
276,,,,,,,,,,,,,,,,,,,,,,,,,,,
277,,,,,,,,,,,,,,,,,,,,,,,,,,,
278,,,,,,,,,,,,,,,,,,,,,,,,,,,
279,,,,,,,,,,,,,,,,,,,,,,,,,,,
280,,,,,,,,,,,,,,,,,,,,,,,,,,,
281,,,,,,,,,,,,,,,,,,,,,,,,,,,
282,,,,,,,,,,,,,,,,,,,,,,,,,,,
283,,,,,,,,,,,,,,,,,,,,,,,,,,,
284,,,,,,,,,,,,,,,,,,,,,,,,,,,
285,,,,,,,,,,,,,,,,,,,,,,,,,,,
286,,,,,,,,,,,,,,,,,,,,,,,,,,,
287,,,,,,,,,,,,,,,,,,,,,,,,,,,
288,,,,,,,,,,,,,,,,,,,,,,,,,,,
289,,,,,,,,,,,,,,,,,,,,,,,,,,,
290,,,,,,,,,,,,,,,,,,,,,,,,,,,
291,,,,,,,,,,,,,,,,,,,,,,,,,,,
292,,,,,,,,,,,,,,,,,,,,,,,,,,,
293,,,,,,,,,,,,,,,,,,,,,,,,,,,
294,,,,,,,,,,,,,,,,,,,,,,,,,,,
295,,,,,,,,,,,,,,,,,,,,,,,,,,,
296,,,,,,,,,,,,,,,,,,,,,,,,,,,
297,,,,,,,,,,,,,,,,,,,,,,,,,,,
298,,,,,,,,,,,,,,,,,,,,,,,,,,,
299,,,,,,,,,,,,,,,,,,,,,,,,,,,
300,,,,,,,,,,,,,,,,,,,,,,,,,,,
301,,,,,,,,,,,,,,,,,,,,,,,,,,,
302,,,,,,,,,,,,,,,,,,,,,,,,,,,
303,,,,,,,,,,,,,,,,,,,,,,,,,,,
304,,,,,,,,,,,,,,,,,,,,,,,,,,,
305,,,,,,,,,,,,,,,,,,,,,,,,,,,
306,,,,,,,,,,,,,,,,,,,,,,,,,,,
307,,,,,,,,,,,,,,,,,,,,,,,,,,,
308,,,,,,,,,,,,,,,,,,,,,,,,,,,
309,,,,,,,,,,,,,,,,,,,,,,,,,,,
310,,,,,,,,,,,,,,,,,,,,,,,,,,,
311,,,,,,,,,,,,,,,,,,,,,,,,,,,
312,,,,,,,,,,,,,,,,,,,,,,,,,,,
313,,,,,,,,,,,,,,,,,,,,,,,,,,,
314,,,,,,,,,,,,,,,,,,,,,,,,,,,
315,,,,,,,,,,,,,,,,,,,,,,,,,,,
316,,,,,,,,,,,,,,,,,,,,,,,,,,,
317,,,,,,,,,,,,,,,,,,,,,,,,,,,
318,,,,,,,,,,,,,,,,,,,,,,,,,,,
319,,,,,,,,,,,,,,,,,,,,,,,,,,,
320,,,,,,,,,,,,,,,,,,,,,,,,,,,
321,,,,,,,,,,,,,,,,,,,,,,,,,,,
322,,,,,,,,,,,,,,,,,,,,,,,,,,,
323,,,,,,,,,,,,,,,,,,,,,,,,,,,
324,,,,,,,,,,,,,,,,,,,,,,,,,,,
325,,,,,,,,,,,,,,,,,,,,,,,,,,,
326,,,,,,,,,,,,,,,,,,,,,,,,,,,
327,,,,,,,,,,,,,,,,,,,,,,,,,,,
328,,,,,,,,,,,,,,,,,,,,,,,,,,,
329,,,,,,,,,,,,,,,,,,,,,,,,,,,
330,,,,,,,,,,,,,,,,,,,,,,,,,,,
331,,,,,,,,,,,,,,,,,,,,,,,,,,,
332,,,,,,,,,,,,,,,,,,,,,,,,,,,
333,,,,,,,,,,,,,,,,,,,,,,,,,,,
334,,,,,,,,,,,,,,,,,,,,,,,,,,,
335,,,,,,,,,,,,,,,,,,,,,,,,,,,
336,,,,,,,,,,,,,,,,,,,,,,,,,,,
337,,,,,,,,,,,,,,,,,,,,,,,,,,,
338,,,,,,,,,,,,,,,,,,,,,,,,,,,
339,,,,,,,,,,,,,,,,,,,,,,,,,,,
340,,,,,,,,,,,,,,,,,,,,,,,,,,,
341,,,,,,,,,,,,,,,,,,,,,,,,,,,
342,,,,,,,,,,,,,,,,,,,,,,,,,,,
343,,,,,,,,,,,,,,,,,,,,,,,,,,,
344,,,,,,,,,,,,,,,,,,,,,,,,,,,
345,,,,,,,,,,,,,,,,,,,,,,,,,,,
346,,,,,,,,,,,,,,,,,,,,,,,,,,,
347,,,,,,,,,,,,,,,,,,,,,,,,,,,
348,,,,,,,,,,,,,,,,,,,,,,,,,,,
349,,,,,,,,,,,,,,,,,,,,,,,,,,,
350,,,,,,,,,,,,,,,,,,,,,,,,,,,
351,,,,,,,,,,,,,,,,,,,,,,,,,,,
352,,,,,,,,,,,,,,,,,,,,,,,,,,,
353,,,,,,,,,,,,,,,,,,,,,,,,,,,
354,,,,,,,,,,,,,,,,,,,,,,,,,,,
355,,,,,,,,,,,,,,,,,,,,,,,,,,,
356,,,,,,,,,,,,,,,,,,,,,,,,,,,
357,,,,,,,,,,,,,,,,,,,,,,,,,,,
358,,,,,,,,,,,,,,,,,,,,,,,,,,,
359,,,,,,,,,,,,,,,,,,,,,,,,,,,
360,,,,,,,,,,,,,,,,,,,,,,,,,,,
361,,,,,,,,,,,,,,,,,,,,,,,,,,,
362,,,,,,,,,,,,,,,,,,,,,,,,,,,
363,,,,,,,,,,,,,,,,,,,,,,,,,,,
364,,,,,,,,,,,,,,,,,,,,,,,,,,,
